{
  "ssim": 0.9743369903618639,
  "psnr": 46.364311904907225,
  "acc.identity": 0.7511789772727273,
  "acc.aspect_ratio": 0.677059659090909,
  "acc.frame_rate": 0.7507954545454546,
  "acc.transcoded": 0.4885625
}