{
  "ssim": 0.9634864537511021,
  "psnr": 43.246747240424156,
  "acc.identity": 0.638427734375,
  "acc.aspect_ratio": 0.6578369140625,
  "acc.frame_rate": 0.63671875,
  "acc.transcoded": 0.58447265625
}