{
  "ssim": 0.955772089254525,
  "psnr": 42.700528528955246,
  "acc.identity": 0.9934895833333334,
  "acc.crop": 0.9427083333333334,
  "acc.frame_rate": 0.9924045138888888,
  "acc.mjpeg": 0.9764404296875
}