{
  "ssim": 0.7716168443982799,
  "psnr": 35.361973785360654,
  "acc.identity": 0.855810546875,
  "acc.aspect_ratio": 0.847607421875,
  "acc.frame_rate": 0.8693684895833333,
  "acc.transcoded": 0.6096394856770834
}