{
  "ssim": 0.7566589483059942,
  "psnr": 32.01157914698124,
  "acc.identity": 0.7114583333333333,
  "acc.aspect_ratio": 0.8060872395833333,
  "acc.frame_rate": 0.6885091145833333,
  "acc.transcoded": 0.6130777994791666
}