{
  "ssim": 0.9580554693124511,
  "psnr": 46.11018691496415,
  "acc.identity": 0.8128125,
  "acc.aspect_ratio": 0.7383664772727273,
  "acc.frame_rate": 0.8127130681818182,
  "acc.transcoded": 0.6634375
}