{
  "ssim": 0.8286541525740176,
  "psnr": 35.63829255104065,
  "acc.identity": 0.85107421875,
  "acc.aspect_ratio": 0.8433837890625,
  "acc.frame_rate": 0.8489990234375,
  "acc.transcoded": 0.7960611979166666
}