{
  "ssim": 0.9651660565896468,
  "psnr": 46.135597421472724,
  "acc.identity": 0.9002982954545454,
  "acc.aspect_ratio": 0.7986505681818182,
  "acc.frame_rate": 0.898877840909091,
  "acc.transcoded": 0.609625
}