{
  "ssim": 0.9746853917216262,
  "psnr": 34.52989365806182,
  "acc.identity": 0.44892578125,
  "acc.aspect_ratio": 0.462744140625,
  "acc.frame_rate": 0.45669759114583336,
  "acc.transcoded": 0.4451090494791667
}