{
  "ssim": 0.971785971251401,
  "psnr": 46.343912771976356,
  "acc.identity": 0.700094696969697,
  "acc.aspect_ratio": 0.7269886363636363,
  "acc.frame_rate": 0.6993371212121212,
  "acc.transcoded": 0.49416666666666664
}