{
  "ssim": 0.9762374144047499,
  "psnr": 40.78899031480153,
  "acc.identity": 0.893505859375,
  "acc.aspect_ratio": 0.8413736979166667,
  "acc.frame_rate": 0.8492838541666666,
  "acc.transcoded": 0.659912109375
}