{
  "ssim": 0.9797811653319891,
  "psnr": 46.33266458635207,
  "acc.identity": 0.8293831168831168,
  "acc.aspect_ratio": 0.7695819805194806,
  "acc.frame_rate": 0.828612012987013,
  "acc.transcoded": 0.53859375
}