{
  "ssim": 0.9615865704129096,
  "psnr": 46.17994640675114,
  "acc.identity": 0.7491432178932179,
  "acc.aspect_ratio": 0.697849025974026,
  "acc.frame_rate": 0.7498872655122655,
  "acc.transcoded": 0.644890873015873
}