{
  "ssim": 0.9395798783749342,
  "psnr": 33.87030802965164,
  "acc.identity": 0.8807779947916666,
  "acc.aspect_ratio": 0.783837890625,
  "acc.frame_rate": 0.752001953125,
  "acc.transcoded": 0.6922607421875
}