{
  "ssim": 0.8984609971172176,
  "psnr": 31.48815569281578,
  "acc.identity": 0.7767740885416666,
  "acc.aspect_ratio": 0.7084309895833333,
  "acc.frame_rate": 0.5783203125,
  "acc.transcoded": 0.5802205403645834
}