{
  "ssim": 0.93506394740608,
  "psnr": 42.96872676743401,
  "acc.identity": 0.9986979166666666,
  "acc.crop": 0.9985894097222222,
  "acc.frame_rate": 0.9988064236111112,
  "acc.mjpeg": 0.8272705078125
}