{
  "ssim": 0.8578430509970834,
  "psnr": 35.8999594638745,
  "acc.identity": 0.7942138671875,
  "acc.aspect_ratio": 0.7555501302083333,
  "acc.frame_rate": 0.675732421875,
  "acc.transcoded": 0.5617879231770834
}