{
  "ssim": 0.9706590239786439,
  "psnr": 42.493521332740784,
  "acc.identity": 0.9874131944444444,
  "acc.crop": 0.9753689236111112,
  "acc.frame_rate": 0.9864366319444444,
  "acc.mjpeg": 0.9700927734375
}