{
  "ssim": 0.9661014209811886,
  "psnr": 34.56112221131722,
  "acc.identity": 0.4937744140625,
  "acc.aspect_ratio": 0.5138427734375,
  "acc.frame_rate": 0.500732421875,
  "acc.transcoded": 0.492919921875
}