{
  "ssim": 0.9709944521297108,
  "psnr": 46.44346604607322,
  "acc.identity": 0.8649005681818182,
  "acc.aspect_ratio": 0.7872017045454546,
  "acc.frame_rate": 0.8637784090909091,
  "acc.transcoded": 0.6385
}