{
  "ssim": 0.9409770778987718,
  "psnr": 35.62275381779325,
  "acc.identity": 0.5998188405797101,
  "acc.aspect_ratio": 0.5415760869565217,
  "acc.frame_rate": 0.6096920289855072,
  "acc.transcoded": 0.42617753623188404
}