{
  "ssim": 0.7515880723639081,
  "psnr": 31.75813795675834,
  "acc.identity": 0.8204020182291667,
  "acc.aspect_ratio": 0.9045003255208334,
  "acc.frame_rate": 0.6635660807291667,
  "acc.transcoded": 0.6485595703125
}