{
  "ssim": 0.8158479719422758,
  "psnr": 36.32575859129429,
  "acc.identity": 0.98583984375,
  "acc.aspect_ratio": 0.95458984375,
  "acc.frame_rate": 0.982177734375,
  "acc.transcoded": 0.91162109375
}