{
  "ssim": 0.7943871922325343,
  "psnr": 35.800552159547806,
  "acc.identity": 0.9683837890625,
  "acc.aspect_ratio": 0.9573974609375,
  "acc.frame_rate": 0.9620361328125,
  "acc.transcoded": 0.8505859375
}