{
  "ssim": 0.7730805715546012,
  "psnr": 35.568530812859535,
  "acc.identity": 0.8359375,
  "acc.aspect_ratio": 0.834228515625,
  "acc.frame_rate": 0.83544921875,
  "acc.transcoded": 0.8238932291666666
}