{
  "ssim": 0.9451983217149973,
  "psnr": 34.98944062739611,
  "acc.identity": 0.5571533203125,
  "acc.aspect_ratio": 0.5736246744791667,
  "acc.frame_rate": 0.5777180989583334,
  "acc.transcoded": 0.46990966796875
}