{
  "ssim": 0.8278705317061394,
  "psnr": 35.643080919981,
  "acc.identity": 0.701904296875,
  "acc.aspect_ratio": 0.6912841796875,
  "acc.frame_rate": 0.698974609375,
  "acc.transcoded": 0.669921875
}