{
  "ssim": 0.6495266359609863,
  "psnr": 28.295369777083398,
  "acc.identity": 0.929736328125,
  "acc.aspect_ratio": 0.8892740885416667,
  "acc.frame_rate": 0.762353515625,
  "acc.transcoded": 0.6178385416666666
}