{
  "ssim": 0.9618275134852439,
  "psnr": 46.167844552704786,
  "acc.identity": 0.874905303030303,
  "acc.aspect_ratio": 0.8288825757575757,
  "acc.frame_rate": 0.8725378787878788,
  "acc.transcoded": 0.5541666666666667
}