{
  "ssim": 0.9695743099396879,
  "psnr": 46.41987683903087,
  "acc.identity": 0.7534090909090909,
  "acc.aspect_ratio": 0.7434375,
  "acc.frame_rate": 0.7528977272727273,
  "acc.transcoded": 0.5576875
}