{
  "ssim": 0.9612454814531587,
  "psnr": 46.22512368809093,
  "acc.identity": 0.7552982954545454,
  "acc.aspect_ratio": 0.7278835227272727,
  "acc.frame_rate": 0.7540198863636364,
  "acc.transcoded": 0.65403125
}