{
  "ssim": 0.9349648784846067,
  "psnr": 42.01732328534126,
  "acc.identity": 0.9453125,
  "acc.aspect_ratio": 0.796875,
  "acc.frame_rate": 0.942138671875,
  "acc.transcoded": 0.9344075520833334
}