{
  "ssim": 0.9666797026720914,
  "psnr": 46.39339117223566,
  "acc.identity": 0.6479119318181819,
  "acc.aspect_ratio": 0.6412926136363636,
  "acc.frame_rate": 0.6467045454545455,
  "acc.transcoded": 0.568921875
}