{
  "ssim": 0.7544640014879406,
  "psnr": 28.87104739646117,
  "acc.identity": 0.820654296875,
  "acc.aspect_ratio": 0.8094889322916666,
  "acc.frame_rate": 0.7964192708333333,
  "acc.transcoded": 0.6591389973958334
}