{
  "ssim": 0.856047886190936,
  "psnr": 38.18193598985672,
  "acc.identity": 0.8155680338541667,
  "acc.aspect_ratio": 0.7698974609375,
  "acc.frame_rate": 0.6922526041666667,
  "acc.transcoded": 0.4259033203125
}