{
  "ssim": 0.9413644996859755,
  "psnr": 33.066831262409686,
  "acc.identity": 0.7626383463541667,
  "acc.aspect_ratio": 0.6350341796875,
  "acc.frame_rate": 0.7555908203125,
  "acc.transcoded": 0.6235758463541666
}