{
  "ssim": 0.927197691751644,
  "psnr": 42.02829933166504,
  "acc.identity": 0.9794921875,
  "acc.aspect_ratio": 0.824951171875,
  "acc.frame_rate": 0.9769287109375,
  "acc.transcoded": 0.9637044270833334
}