{
  "ssim": 0.9661057500375642,
  "psnr": 42.45474546485477,
  "acc.identity": 0.9919704861111112,
  "acc.crop": 0.9735243055555556,
  "acc.frame_rate": 0.9906684027777778,
  "acc.mjpeg": 0.974853515625
}