acc.aspect_ratio,acc.frame_rate,acc.identity,acc.transcoded,batch_size,data_dim,epochs,lr,multiplicity,psnr,seq_len,ssim,use_adaptive_compression,use_adversary,use_compression,use_critic,use_crop,use_jpeg_compression,use_scale
0.9837646484375,0.9794921875,0.98095703125,0.7561848958333334,8,32,128,0.0001,4,37.00915187597275,1,0.8130338720511645,0,0,0,0,0,0,0
0.9384765625,0.953125,0.9552001953125,0.8097330729166666,8,32,128,0.0001,4,35.784952729940414,1,0.7916272308211774,0,0,0,0,0,1,0
0.93359375,0.9581298828125,0.9609375,0.8499348958333334,8,32,128,0.0001,4,36.312016010284424,1,0.8050762715283781,0,0,0,1,0,1,0
0.7655029296875,0.958251953125,0.9609375,0.86962890625,8,32,128,0.0001,4,35.28945264220238,1,0.8873380499426275,0,0,1,0,0,0,0
0.826171875,0.8275146484375,0.8292236328125,0.81298828125,8,32,128,0.0001,4,35.45628462731838,1,0.7856770062353462,0,0,0,0,1,1,0
0.6861572265625,0.6953125,0.6939697265625,0.66845703125,8,32,128,0.0001,4,35.74061819911003,1,0.8369149898644537,0,0,0,1,1,1,0
0.8299560546875,0.8341064453125,0.8370361328125,0.77685546875,8,32,128,0.0001,4,35.59692291915417,1,0.8391920519061387,0,0,1,0,1,0,0
