{
  "ssim": 0.9358934673946351,
  "psnr": 42.01388794183731,
  "acc.identity": 0.987060546875,
  "acc.aspect_ratio": 0.7154541015625,
  "acc.frame_rate": 0.984375,
  "acc.transcoded": 0.9736328125
}