{
  "ssim": 0.9775481180598339,
  "psnr": 42.97049233648512,
  "acc.identity": 0.7910970052083334,
  "acc.crop": 0.7412109375,
  "acc.frame_rate": 0.785400390625,
  "acc.mjpeg": 0.66070556640625
}