{
  "ssim": 0.8052893131971359,
  "psnr": 37.070748284459114,
  "acc.identity": 0.984130859375,
  "acc.aspect_ratio": 0.988525390625,
  "acc.frame_rate": 0.98193359375,
  "acc.transcoded": 0.8025716145833334
}