{
  "ssim": 0.849997544568032,
  "psnr": 30.389590940376124,
  "acc.identity": 0.8015706380208333,
  "acc.aspect_ratio": 0.6499674479166667,
  "acc.frame_rate": 0.6539957682291667,
  "acc.transcoded": 0.6488850911458334
}