{
  "ssim": 0.942193378176954,
  "psnr": 43.25763499736786,
  "acc.identity": 0.9998914930555556,
  "acc.crop": 0.9994574652777778,
  "acc.frame_rate": 0.9996744791666666,
  "acc.mjpeg": 0.81640625
}