{
  "ssim": 0.8931705760769546,
  "psnr": 35.25879788398743,
  "acc.identity": 0.9888916015625,
  "acc.aspect_ratio": 0.803955078125,
  "acc.frame_rate": 0.986572265625,
  "acc.transcoded": 0.91162109375
}