{
  "ssim": 0.9717793176261087,
  "psnr": 41.28138065338135,
  "acc.identity": 0.8401204427083333,
  "acc.aspect_ratio": 0.8303385416666667,
  "acc.frame_rate": 0.7699381510416666,
  "acc.transcoded": 0.7889811197916666
}