{
  "ssim": 0.9591037624261596,
  "psnr": 46.29823277386752,
  "acc.identity": 0.6616335227272727,
  "acc.aspect_ratio": 0.6104545454545455,
  "acc.frame_rate": 0.6619176136363636,
  "acc.transcoded": 0.5659375
}