{
  "ssim": 0.9180831369012594,
  "psnr": 42.006220668554306,
  "acc.identity": 0.9962158203125,
  "acc.aspect_ratio": 0.738037109375,
  "acc.frame_rate": 0.994384765625,
  "acc.transcoded": 0.9085286458333334
}